Producto,Cantidad,Costo Unitario,Costo total,Costo de envío,Precio Sugerido al Público
Moda Geométrico Acero Inoxidable Embutido Perlas Artificiales Aretes 1 Par,1,$97.64,$97.64,,
Estilo moderno Geométrico Acero Inoxidable Enchapado Embutido Piedras Preciosas Artificiales Aretes,1,$113.00,$113.00,,
1 Pieza Moda Pentagrama Acero Inoxidable Enchapado Chapado En Oro De 14 Quilates. Mujeres Calcetín,1,$39.09,$39.09,,
1 Pieza Estilo Simple Multicolor Acero Inoxidable Con Cuentas Enchapado,1,$44.54,$44.54,,
Dulce Forma De Corazón Acero Titanio Enchapado Circón Collar Colgante,2,$55.82,$111.64,,
Elegante Lujoso Moda Geométrico Acero Inoxidable Enchapado Perlas Artificiales Aretes 1 Par,1,$104.45,$104.45,,
Elegante Lujoso Moda Geométrico Acero Inoxidable Enchapado Perlas Artificiales Aretes 1 Par,1,$104.45,$104.45,,
Retro Forma De Corazón Acero Titanio Embutido Perlas Artificiales Collar 1 Pieza,1,$97.83,$97.83,,
1 Par Estilo Simple Geométrico Acero Inoxidable Metal Pendientes De Aro,2,$44.74,$89.48,,
Moda Color Sólido Acero Inoxidable Enchapado Aretes 1 Par,1,$47.26,$47.26,,
1 Juego Yakemiyou Moda Gato Acero Inoxidable Asimétrico Circón Pendientes,2,$78.97,$157.94,,
1 Juego Yakemiyou Moda Gato Acero Inoxidable Asimétrico Circón Pendientes,2,$77.80,$155.60,,
MAMÁ Letra Acero Titanio Enchapado Diamantes De Imitación Collar,2,$59.32,$118.64,,
Lindo Conejo Acero Titanio Enchapado Circón Collar Colgante,1,$35.01,$35.01,,
Moda Oso Acero Titanio Collar Colgante 1 Pieza,1,$60.10,$60.10,,
Moda Cruzar Acero Titanio Enchapado Collar Colgante,1,$65.55,$65.55,,
Estilo Vintage Geométrico Acero Titanio Enchapado Brazalete 1 Pieza,1,$56.21,$56.21,,
100pcs etiqueta de precio de joyería etiqueta de anillo cabeza cuadrada etiqueta de joyería de cabeza redonda,2,$12.25,$24.50,,
100pcs etiqueta de precio de joyería etiqueta de anillo cabeza cuadrada etiqueta de joyería de cabeza redonda,2,$12.25,$24.50,,
Estilo Preppy Oreja Franela Labor De Retazos estante de la joyería 1 Pieza,1,$68.08,$68.08,,
Estilo Preppy Oreja Franela Labor De Retazos estante de la joyería 1 Pieza,1,$68.08,$68.08,,
1 Pieza Moda Virgen María Acero Inoxidable Cobre Embutido Diamantes De Imitación Collar Colgante,1,$43.76,$43.76,,
Moda Cuadrado Acero Titanio Embutido Piedras Preciosas Artificiales Pulsera Calcetín,1,$43.76,$43.76,,
1 Pieza Estilo Simple Cuadrado Acero Inoxidable Enchapado Anillos,1,$70.99,$70.99,,
1 Par Estilo Simple Ronda Acero Titanio Enchapado Aretes,2,$36.57,$73.14,,
1 Pieza Moda Cuadrado A Cuadros Acero Inoxidable Esmalte Enchapado Embutido Circón Brazalete,1,$60.68,$60.68,,
Cactus bailando cantando encantador flor retorcida hablando divertido juguete,1,$68.27,$68.27,,
1 Pieza Y2K Moda Pentagrama Infinidad Acero Inoxidable En Capas Perla Enchapado Chapado En Oro De 18 Quilates. Chapado En Platino Mujeres Calcetín,1,$63.21,$63.21,,
1 Pieza Moda Geométrico Acero Titanio Embutido Circón Mujeres Calcetín,1,$50.76,$50.76,,
1 Par Señora Rombo Metal Mujeres Aretes,1,$11.48,$11.48,,
1 Pieza Moda Orejas De Conejo Acero Titanio Enchapado Circón Collar Colgante,1,$36.76,$36.76,,
Moda Geométrico Acero Titanio Cobre Enchapado Perlas Artificiales Diamantes De Imitación Ópalo Collar,1,$27.81,$27.81,,
Moda Geométrico Acero Titanio Cobre Enchapado Perlas Artificiales Diamantes De Imitación Ópalo Collar,1,$26.26,$26.26,,
Moda Geométrico Acero Titanio Cobre Enchapado Perlas Artificiales Diamantes De Imitación Ópalo Collar,1,$30.54,$30.54,,
Moda Geométrico Acero Titanio Cobre Enchapado Perlas Artificiales Diamantes De Imitación Ópalo Collar,1,$28.40,$28.40,,
1 Par Moda Monedas Acero Inoxidable Enchapado Pendientes De Gota,1,$35.98,$35.98,,
1 Par Moda Ojo Acero Inoxidable Enchapado Diamantes De Imitación Pendientes De Gota,1,$37.34,$37.34,,
Moda Geométrico Estrella Acero Titanio Embutido Perlas Artificiales Rosario Collares En Capas,2,$64.57,$129.14,,
Moda Ronda Ojo Acero Titanio Enchapado Embutido Turquesa Collares En Capas 1 Pieza,1,$50.96,$50.96,,
Moda Ronda Acero Inoxidable Enchapado Aretes Juego De 3 Piezas,1,$60.10,$60.10,,
Retro Geométrico Aleación Enchapado Piedras Preciosas Artificiales Mujeres Aretes Collar,1,$155.21,$155.21,,
Estilo francés Letra Acero Titanio Cobre Enchapado Embutido Circón Collar Colgante 1 Pieza,1,$113.00,$113.00,,
Retro Cruzar Acero Inoxidable Circón Con Incrustaciones Collar Colgante 1 Pieza,1,$21.01,$21.01,,
Básico Color Sólido Cuero Sintético Joyeros,2,$35.98,$71.96,,
Moda Geométrico Acero Inoxidable Enchapado Perla Pendientes 1 Par,1,$13.62,$13.62,,
Moda Letra Acero Titanio Enchapado Circón Collar Colgante 1 Pieza,2,$40.46,$80.92,,
Moda Letra Acero Titanio Enchapado Circón Collar Colgante 1 Pieza,2,$40.46,$80.92,,
Anillo de diamantes de color con incrustaciones de plata S925 simple retro de moda,1,$148.60,$148.60,,
Moda Cruzar Acero Titanio Enchapado Collares En Capas 1 Pieza,1,$32.48,$32.48,,
Pulsera de ágata de jadeíta verde gruesa de oro de 18 quilates de acero titanio de moda,1,$76.44,$76.44,,
aretes pequeños de acero inoxidable con incrustaciones de circonitas,2,$27.42,$54.84,,
Nuevos pendientes de acero inoxidable de uñas largas de circonita exagerada,1,$40.65,$40.65,,
nuevos aretes de circonita con microincrustaciones de acero inoxidable,1,$25.67,$25.67,,
clavo del hueso del oído del acero inoxidable de la moda,4,$2.92,$11.68,,
Anillo de perforación corporal de acero inoxidable en forma de C,2,$2.92,$5.84,,
Estilo Simple Circulo Acero Inoxidable Enchapado Anillo De La Nariz 1 Pieza,2,$12.45,$24.90,,
Estilo Étnico Flor Acero Inoxidable Pendientes 1 Pieza,2,$4.28,$8.56,,
nuevos pendientes de circonita de acero inoxidable de moda,2,$23.53,$47.06,,
Nuevos aretes salvajes de acero inoxidable con circonitas creativas,1,$26.84,$26.84,,
Nuevos aretes salvajes de acero inoxidable con circonitas creativas,1,$17.51,$17.51,,
Nuevos aretes salvajes de acero inoxidable con circonitas creativas,1,$17.51,$17.51,,
Pendientes coreanos de acero inoxidable con circonitas de nuevo color,1,$33.45,$33.45,,
Pendientes coreanos de acero inoxidable con circonitas de nuevo color,1,$26.06,$26.06,,
Retro Retrato Aleación Enchapado Diamantes De Imitación Mujeres Broches,2,$22.56,$45.12,,
Moda Ronda Forma De Corazón Aleación Enchapado Ahuecar Embutido Diamantes De Imitación Perla Mujeres Pendientes De Gota 1 Par,1,$31.70,$31.70,,
Moda Letra Acero Titanio Enchapado Circón Collar Colgante 1 Pieza,1,$40.46,$40.46,,
Moda Letra Acero Titanio Enchapado Circón Collar Colgante 1 Pieza,1,$40.46,$40.46,,
Moda Letra Acero Titanio Enchapado Circón Collar Colgante 1 Pieza,1,$40.46,$40.46,,
Estilo Simple Geométrico Acero Inoxidable Aretes Enchapado Pendientes de acero inoxidable,2,$44.35,$88.70,,
Moda Cruzar Acero Titanio Metal Cadena Collar 1 Pieza,1,$41.04,$41.04,,
Moda Geométrico Cobre Enchapado Circón Pulsera Aretes Collar,1,$93.17,$93.17,,
Moda Forma De Corazón Acero Inoxidable Embutido Acrílico Collar 1 Pieza,1,$45.12,$45.12,,
Moda Estrella Luna Acero Inoxidable Acero Titanio Enchapado Collar Colgante 1 Pieza,1,$78.38,$78.38,,
Yakemiyou Retro Forma De Corazón Cobre Esmalte Cristal Pendientes Colgantes 6 Piezas,2,$99.58,$199.16,,
1 Juego Yakemiyou Oso Cerrar Con Llave Paraguas Acero Inoxidable Embutido Circón Aretes,2,$83.44,$166.88,,
Moda Hoja Acero Inoxidable Aretes Embutido Circón Pendientes de acero inoxidable,1,$115.34,$115.34,,
Moda Raya Acero Inoxidable Anillos Embutido Perlas Artificiales Anillos de acero inoxidable,1,$71.58,$71.58,,
Moda Raya Acero Inoxidable Anillos Embutido Perlas Artificiales Anillos de acero inoxidable,1,$71.58,$71.58,,
Moda Color Sólido Hierro forjado + pino estante de la joyería 1 Pieza,1,$189.64,$189.64,,
Moda Geométrico Metal estante de la joyería,2,$91.03,$182.06,,
Estilo Simple Geométrico Acero Titanio Enchapado Embutido Cascarón Anillos 1 Pieza,2,$49.79,$99.58,,
Estilo Simple Geométrico Acero Titanio Enchapado Embutido Cascarón Anillos 1 Pieza,2,$49.79,$99.58,,
Estilo Simple Ronda Acero Titanio Enchapado Embutido Circón Brazalete 1 Pieza,2,$39.87,$79.74,,
Estilo Simple Geométrico Acero Titanio Embutido Diamantes De Imitación Anillos 1 Pieza,2,$25.29,$50.58,,
Moda Ojo Del Diablo Aleación Embutido Diamantes De Imitación Mujeres Pendientes De Gota 1 Par,1,$23.92,$23.92,,
Moda Geométrico Acero Inoxidable Enchapado Aretes 1 Par,1,$41.62,$41.62,,
Retro Geométrico Acero Inoxidable Embutido Circón Aretes 1 Par,1,$104.45,$104.45,,
Estilo Simple Geométrico Ojo Acero Inoxidable Chapado En Oro Piedra Natural Pendientes De Gota 1 Par,1,$50.57,$50.57,,
Yakemiyou Conejo Zanahoria Acero Inoxidable Chapado En Oro Circón Aretes 1 Juego,2,$76.63,$153.26,,
Moda Geométrico Acero Titanio Enchapado Aretes 1 Par,2,$34.04,$68.08,,
Moda Geométrico Acero Titanio Enchapado Aretes 1 Par,2,$34.04,$68.08,,
Dulce Flor Acero Titanio Pendientes Pendientes de acero inoxidable 1 Pieza,3,$9.14,$27.42,,
Moda Cuadrado Acero Titanio Enchapado Aretes 1 Pieza,1,$7.78,$7.78,,
Pendientes de oro de 18k de acero titanio con corazón de melocotón hueco retro,1,$67.30,$67.30,,
Moda Triángulo Geométrico Forma De Corazón Acero Inoxidable Enchapado Pendientes Colgantes 1 Par,1,$28.01,$28.01,,
1 Par Moda Hoja Acero Inoxidable Enchapado Pendientes De Gota,1,$46.68,$46.68,,
1 Par Estilo Simple Geométrico Estrella Plata Esterlina Circón Con Incrustaciones Pendientes,2,$78.38,$156.76,,
1 Par Moda Geométrico Resina Cobre Enchapado Pendientes,1,$43.76,$43.76,,
Estilo Simple Letra Acero Inoxidable Acero Titanio Enchapado Collar,2,$34.43,$68.86,,
1 Pieza Estilo Simple Geométrico Acero Titanio Enchapado Diamantes De Imitación Artificiales Collar,1,$43.76,$43.76,,
1 Pieza Estilo Simple Geométrico Acero Titanio Enchapado Piedra Natural Collar,1,$130.70,$130.70,,
1 Pieza 1 Par Dulce Forma De Corazón Acero Titanio Enchapado Collar,2,$36.57,$73.14,,
1 Pieza 1 Par Dulce Forma De Corazón Acero Titanio Enchapado Collar,1,$31.90,$31.90,,
Moda Degradado De Color Arílico Cobre Enchapado Garras De Pelo 1 Pieza,1,$25.87,$25.87,,
Moda Degradado De Color Arílico Cobre Enchapado Garras De Pelo 1 Pieza,2,$25.87,$51.74,,
Moda Lunares Tela Liga Para El Cabello 1 Pieza,1,$6.22,$6.22,,
Moda Lunares Tela Liga Para El Cabello 1 Pieza,1,$6.22,$6.22,,
Estilo Vintage Ronda Acero Inoxidable Enchapado Pendientes De Gota 1 Par,1,$41.62,$41.62,,
Brillante Geométrico Acero Inoxidable Chapado En Oro Circón Aretes 1 Par,1,$114.95,$114.95,,
Brillante Geométrico Acero Inoxidable Chapado En Oro Circón Aretes 1 Par,1,$92.78,$92.78,,
1 Par Moda Estrella Acero Inoxidable Enchapado Pendientes Colgantes,1,$78.38,$78.38,,
Moda Ronda Forma De Corazón Acero Titanio Borla Enchapado Embutido Circón Pendientes 1 Par,1,$26.65,$26.65,,
1 Par Moda Ronda Forma De Corazón Llave Acero Titanio Asimétrico Enchapado Embutido Turquesa Pendientes De Gota,1,$39.29,$39.29,,
1 Par Estilo Simple Letra Acero Inoxidable Enchapado Pendientes De Gota,1,$20.81,$20.81,,
1 Par Estilo Simple Letra Acero Inoxidable Enchapado Pendientes De Gota,1,$20.81,$20.81,,
1 Pieza Estilo Simple Cuadrado Acero Titanio Enchapado Aretes,1,$23.15,$23.15,,
1 Par Estilo SIN Flor Acero Inoxidable Embutido Joya Pendientes,1,$91.22,$91.22,,
Punk Color Sólido Acero Inoxidable Pulido Aretes 1 Pieza,4,$7.00,$28.00,,
Moda Geométrico Acero Titanio Enchapado Aretes 1 Pieza,2,$9.14,$18.28,,
Moda Geométrico Acero Titanio Enchapado Aretes 1 Pieza,2,$9.14,$18.28,,
1 Pieza Moda Geométrico Acero Titanio Enchapado Pulsera,1,$36.57,$36.57,,
1 Par Moda Ronda Aleación Enchapado Plisado Embutido Diamantes De Imitación Mujeres Pendientes De Gota,1,$39.29,$39.29,,
1 Par Retro Oval Gotitas De Agua Forma De Corazón Aleación Borla Embutido Diamantes De Imitación Perla Mujeres Pendientes De Gota,1,$59.13,$59.13,,
"Pulsera chapada en oro de acero inoxidable con cadena de moda Nihaojewelry, joyería al por mayor",1,$19.45,$19.45,,
"Pulsera chapada en oro de acero inoxidable con cadena de moda Nihaojewelry, joyería al por mayor",1,$19.45,$19.45,,
Moda Geométrico Acero Inoxidable Enchapado Anillo Abierto,2,$14.00,$28.00,,
1 Pieza Moda Bloque De Color Acero Inoxidable Enchapado Aretes,2,$11.48,$22.96,,
1 Pieza Moda Bloque De Color Acero Inoxidable Enchapado Aretes,2,$11.48,$22.96,,
Moda Forma De Corazón Acero Titanio Enchapado Embutido Diamantes De Imitación Collar Colgante 1 Pieza,1,$21.20,$21.20,,
Estilo Simple Forma De Corazón Acero Inoxidable Brazalete Enchapado Pulseras de acero inoxidable,1,$12.45,$12.45,,
Moda Geométrico Acero Titanio Enchapado Circón Aretes 1 Par,1,$50.38,$50.38,,
Moda Geométrico Acero Titanio Enchapado Circón Aretes 1 Par,1,$44.35,$44.35,,
Moda Cruzar Acero Titanio Enchapado Pulsera 1 Pieza,1,$40.07,$40.07,,
Moda Cruzar Acero Titanio Enchapado Pulsera 1 Pieza,1,$42.79,$42.79,,
Moda Geométrico Acero Titanio Embutido Circón Anillos 1 Pieza,1,$47.26,$47.26,,
Moda Forma De C Acero Inoxidable Enchapado Pendientes De Aro 1 Par,1,$33.26,$33.26,,
Moda Ojo Del Diablo Acero Titanio Esmalte Collar Colgante 1 Pieza,2,$13.03,$26.06,,
Punk Cuadrilátero Acero Titanio Enchapado Anillos,1,$71.97,$71.97,,
Punk Cuadrilátero Acero Titanio Enchapado Anillos,1,$71.97,$71.97,,
Diseño original Cruzar Acero Inoxidable Acero Titanio Enchapado Embutido Diamantes De Imitación Collar Colgante 1 Pieza,2,$33.07,$66.14,,
Moda Forma De C Acero Inoxidable Enchapado Pendientes 1 Par,1,$19.84,$19.84,,
Estilo Simple Color Sólido Acero Titanio Collar 1 Pieza,1,$10.89,$10.89,,
Mujeres Retro Moda Geométrico Acero Titanio Collar Ojo Collares de acero inoxidable,1,$41.23,$41.23,,
Mujeres Retro Moda Geométrico Acero Titanio Collar Ojo Collares de acero inoxidable,1,$37.93,$37.93,,
Moda Letra Acero Inoxidable Enchapado Collar Colgante 1 Pieza,1,$39.48,$39.48,,
Moda Letra Acero Titanio Enchapado Pulsera Collar 1 Pieza,1,$49.01,$49.01,,
Moda Ojo Del Diablo Acero Inoxidable Embutido Diamante Artificial Pulsera 1 Pieza,1,$48.63,$48.63,,
Moda Forma De Corazón Acero Titanio Enchapado Pendientes 1 Par,2,$13.03,$26.06,,
Estilo de moda Forma De C Acero Inoxidable Esmalte Chapado En Oro Embutido Circón Pendientes 1 Par,1,$50.57,$50.57,,
Moda Sol Sale De Ojo Acero Inoxidable Chapado En Oro Embutido Circón Pendientes Colgantes 1 Par,1,$48.04,$48.04,,
moda estrella luna collar de clavícula borla de perlas de agua dulce,1,$70.02,$70.02,,
Anillo abierto de cola de serpiente simple al por mayor,1,$66.32,$66.32,,
Anillo abierto de cola de serpiente simple al por mayor,1,$66.32,$66.32,,
Retro Irregular vidrio Cobre Enchapado Pendientes De Gota 1 Par,1,$132.07,$132.07,,
Básico Circulo Acero Inoxidable Enchapado Pendientes De Aro 1 Par,1,$18.48,$18.48,,
Básico Circulo Acero Inoxidable Enchapado Pendientes De Aro 1 Par,1,$18.48,$18.48,,
Básico Circulo Acero Inoxidable Enchapado Pendientes De Aro 1 Par,1,$18.48,$18.48,,
Básico Circulo Acero Inoxidable Enchapado Pendientes De Aro 1 Par,1,$18.48,$18.48,,
Básico Circulo Acero Inoxidable Enchapado Pendientes De Aro 1 Par,1,$18.48,$18.48,,
Nuevos pendientes Pendientes de acero inoxidable brillante en forma de corazón de titanio,2,$22.56,$45.12,,
Retro Geométrico Acero Inoxidable Embutido Circón Collar Colgante 1 Pieza,1,$48.43,$48.43,,
Moda Forma De Corazón Acero Inoxidable Enchapado Aretes 1 Par,2,$87.72,$175.44,,
Retro Ronda Acero Titanio Aretes Enchapado Diamantes De Imitación Pendientes de acero inoxidable 1 Par,1,$93.94,$93.94,,
Retro Virgen María Forma De Corazón Acero Titanio Embutido Cascarón Collar Colgante,2,$47.26,$94.52,,
Moda León Acero Titanio Collar Enchapado Collares de acero inoxidable,2,$42.79,$85.58,,
Moda León Acero Titanio Collar Enchapado Collares de acero inoxidable,1,$37.93,$37.93,,
Estilo Simple Forma De Corazón Acero Titanio Enchapado Aretes 1 Par,1,$36.37,$36.37,,
niños unisex Moda Color Sólido Sombrero De Copa,1,$58.93,$58.93,,
Moda Ojo Del Diablo Forma De Corazón Aleación Ahuecar Diamantes De Imitación Artificiales Perlas Artificiales Mujeres Aretes 1 Par,1,$33.45,$33.45,,